               epoch,      train/box_loss,      train/obj_loss,      train/cls_loss,   metrics/precision,      metrics/recall,     metrics/mAP_0.5,metrics/mAP_0.5:0.95,        val/box_loss,        val/obj_loss,        val/cls_loss,               x/lr0,               x/lr1,               x/lr2
                   0,            0.086629,            0.031312,            0.054619,            0.070217,             0.42569,             0.10808,            0.040818,            0.062136,            0.017305,            0.044983,              0.0721,              0.0031,              0.0031
                   1,            0.053415,            0.023209,            0.050482,             0.09897,             0.48819,             0.13372,             0.04433,            0.052653,            0.010465,            0.043211,            0.043279,           0.0062792,           0.0062792
                   2,            0.045879,              0.0199,            0.048155,             0.14586,              0.3249,             0.16968,            0.067468,            0.044837,            0.013743,            0.041098,            0.014437,           0.0094373,           0.0094373
                   3,            0.038812,            0.018447,            0.044851,              0.1917,             0.31697,             0.19577,             0.10876,             0.04932,            0.014746,             0.03677,            0.009901,            0.009901,            0.009901
                   4,            0.034534,            0.018657,            0.043494,             0.15408,             0.16124,            0.096361,            0.051848,            0.052591,            0.019141,            0.038521,            0.009901,            0.009901,            0.009901
                   5,            0.032403,             0.01695,            0.039741,             0.17935,             0.14617,             0.10046,              0.0569,            0.052885,            0.023014,            0.035336,            0.009868,            0.009868,            0.009868
                   6,            0.030205,            0.015822,            0.038154,          0.00073889,           0.0086443,          0.00019092,          9.1392e-05,             0.08766,            0.020678,            0.048047,            0.009835,            0.009835,            0.009835
                   7,            0.029182,              0.0158,             0.03675,             0.50017,             0.64485,             0.56236,             0.38462,            0.031606,           0.0097159,            0.032078,            0.009802,            0.009802,            0.009802
                   8,            0.028676,            0.015348,              0.0361,             0.27207,             0.21332,             0.14871,            0.086605,            0.050791,            0.022655,            0.034452,            0.009769,            0.009769,            0.009769
                   9,             0.02693,             0.01497,            0.035241,             0.57725,             0.36954,             0.43724,             0.31281,            0.034588,            0.018436,            0.029052,            0.009736,            0.009736,            0.009736
                  10,            0.027395,            0.015306,            0.034088,             0.48133,             0.32288,              0.3775,             0.25162,            0.036038,            0.017114,            0.034879,            0.009703,            0.009703,            0.009703
                  11,             0.02721,             0.01529,            0.033086,             0.65756,             0.48487,             0.55159,             0.38509,            0.028472,            0.010346,            0.030677,             0.00967,             0.00967,             0.00967
                  12,            0.026189,            0.014726,            0.031887,             0.33859,             0.37806,             0.31337,             0.22869,            0.031467,            0.015742,            0.031502,            0.009637,            0.009637,            0.009637
                  13,            0.026738,            0.015018,             0.03229,             0.76046,             0.60727,             0.69884,             0.53414,            0.029339,            0.011388,            0.021247,            0.009604,            0.009604,            0.009604
                  14,            0.025425,             0.01415,            0.030499,             0.66689,              0.5294,             0.55489,             0.43471,            0.029855,            0.010525,            0.028343,            0.009571,            0.009571,            0.009571
                  15,            0.025703,            0.014462,             0.03039,             0.74229,             0.50084,             0.64732,             0.49205,            0.029129,           0.0086499,            0.024458,            0.009538,            0.009538,            0.009538
                  16,            0.025465,              0.0147,             0.02933,             0.69831,             0.68224,             0.71172,             0.51367,            0.028982,           0.0085652,            0.028824,            0.009505,            0.009505,            0.009505
                  17,            0.024934,            0.013986,            0.028612,              0.6775,             0.56226,             0.59951,             0.44721,            0.030753,            0.011056,            0.027418,            0.009472,            0.009472,            0.009472
                  18,            0.024981,            0.014147,             0.03059,              0.6774,             0.48058,             0.51362,             0.40927,            0.030364,            0.015093,            0.023418,            0.009439,            0.009439,            0.009439
                  19,            0.025025,            0.013734,            0.028371,             0.79365,             0.61789,             0.69625,             0.54812,            0.026849,            0.011879,            0.018364,            0.009406,            0.009406,            0.009406
                  20,            0.023795,            0.013239,             0.02626,             0.64135,             0.59094,             0.62578,                0.47,            0.029817,            0.010217,             0.02262,            0.009373,            0.009373,            0.009373
                  21,            0.024508,            0.013233,            0.028178,             0.71486,             0.56246,             0.60515,             0.48436,            0.026827,             0.01205,            0.018045,             0.00934,             0.00934,             0.00934
                  22,             0.02374,            0.013394,            0.028096,             0.68068,             0.67872,             0.70452,             0.55279,            0.027054,           0.0091998,            0.021147,            0.009307,            0.009307,            0.009307
                  23,            0.023025,            0.013025,            0.027808,             0.80079,             0.34047,             0.47693,               0.392,            0.028305,            0.021016,            0.026937,            0.009274,            0.009274,            0.009274
                  24,            0.023255,            0.012933,            0.025784,              0.7865,             0.75954,             0.79919,             0.64671,            0.023575,           0.0085075,            0.020831,            0.009241,            0.009241,            0.009241
                  25,            0.023482,            0.013251,            0.026326,             0.77316,             0.68057,             0.70827,             0.54227,             0.02807,            0.012023,             0.01623,            0.009208,            0.009208,            0.009208
                  26,            0.023624,            0.012699,            0.026043,               0.797,             0.65708,             0.71808,             0.58096,            0.025238,            0.011319,              0.0313,            0.009175,            0.009175,            0.009175
                  27,            0.023072,            0.012754,            0.024468,             0.90355,             0.68555,             0.77023,              0.6177,            0.027006,             0.01311,            0.017465,            0.009142,            0.009142,            0.009142
                  28,            0.022927,            0.012378,            0.025831,             0.89503,             0.73784,             0.82349,              0.6616,            0.025761,            0.010594,            0.014034,            0.009109,            0.009109,            0.009109
                  29,            0.022839,            0.012787,            0.026228,              0.7891,             0.56385,             0.64585,             0.51796,            0.028086,            0.013936,            0.023694,            0.009076,            0.009076,            0.009076
                  30,             0.02259,            0.012143,            0.025218,             0.85548,             0.68382,             0.74287,             0.59981,            0.025762,             0.01383,            0.023803,            0.009043,            0.009043,            0.009043
                  31,            0.022272,             0.01189,             0.02706,             0.83456,              0.6467,             0.72175,             0.58158,            0.026864,            0.011404,            0.025425,             0.00901,             0.00901,             0.00901
                  32,             0.02274,            0.012466,            0.024054,             0.76055,             0.69994,             0.74035,             0.59033,            0.024433,           0.0096079,            0.014145,            0.008977,            0.008977,            0.008977
                  33,            0.021959,            0.011911,            0.026408,              0.6927,             0.60234,             0.65144,             0.52344,            0.026825,            0.012858,            0.030824,            0.008944,            0.008944,            0.008944
                  34,            0.021229,            0.012086,             0.02633,             0.83042,             0.59761,             0.67379,             0.56639,            0.025802,            0.013677,            0.032893,            0.008911,            0.008911,            0.008911
                  35,            0.021811,            0.012191,             0.02515,             0.83178,             0.52952,              0.6006,             0.50653,            0.027905,            0.011042,            0.036176,            0.008878,            0.008878,            0.008878
                  36,            0.020061,            0.011689,            0.026548,             0.85644,             0.62476,             0.70082,             0.56375,            0.026954,            0.011437,            0.022566,            0.008845,            0.008845,            0.008845
                  37,            0.021498,            0.011477,            0.025712,             0.84329,             0.65884,             0.74398,             0.62133,            0.026333,            0.013132,            0.014269,            0.008812,            0.008812,            0.008812
                  38,            0.022166,             0.01192,            0.025952,             0.74655,             0.67451,             0.72041,             0.59322,            0.023203,            0.011597,             0.01912,            0.008779,            0.008779,            0.008779
                  39,             0.02127,            0.011879,            0.024139,             0.83757,             0.64153,             0.75775,             0.64082,            0.025103,             0.01161,            0.027047,            0.008746,            0.008746,            0.008746
                  40,            0.020636,            0.011213,            0.026397,             0.66927,             0.59193,             0.67275,             0.54864,            0.023591,            0.011629,            0.031179,            0.008713,            0.008713,            0.008713
                  41,            0.020406,            0.011031,            0.025136,              0.8302,             0.59724,             0.64843,             0.52654,             0.02612,            0.013514,            0.021519,             0.00868,             0.00868,             0.00868
                  42,            0.021062,            0.011569,            0.023822,             0.76985,             0.57247,             0.66391,             0.55238,             0.02594,            0.014013,            0.029957,            0.008647,            0.008647,            0.008647
                  43,            0.020743,            0.011324,            0.025995,             0.79663,             0.67958,             0.74381,               0.597,              0.0241,            0.010509,            0.020349,            0.008614,            0.008614,            0.008614
                  44,            0.020889,            0.011487,            0.024754,             0.83017,             0.69075,             0.74945,             0.62571,            0.023751,            0.011628,            0.026347,            0.008581,            0.008581,            0.008581
                  45,             0.02075,            0.011407,            0.025023,             0.74898,             0.50895,             0.59471,             0.49343,            0.025726,            0.014065,            0.025575,            0.008548,            0.008548,            0.008548
                  46,            0.020346,            0.011801,            0.024999,             0.83375,             0.71539,             0.76601,              0.6343,            0.024066,            0.010831,            0.019883,            0.008515,            0.008515,            0.008515
                  47,            0.020238,            0.011145,            0.024875,              0.8503,             0.63053,              0.7196,             0.60522,            0.025228,            0.011656,            0.024555,            0.008482,            0.008482,            0.008482
                  48,            0.020391,            0.011119,            0.023193,             0.68502,             0.50123,             0.58507,             0.50495,            0.024391,              0.0142,            0.030452,            0.008449,            0.008449,            0.008449
                  49,            0.019817,            0.010821,            0.024695,             0.81713,             0.60814,             0.67401,             0.55511,            0.024962,            0.013989,            0.021719,            0.008416,            0.008416,            0.008416
                  50,             0.02059,            0.011449,            0.024908,             0.78086,             0.51602,             0.57428,             0.49334,            0.023695,            0.014994,             0.02568,            0.008383,            0.008383,            0.008383
                  51,            0.019455,            0.011285,            0.025179,             0.70517,             0.34302,             0.44765,             0.37209,            0.032332,            0.021913,            0.032911,             0.00835,             0.00835,             0.00835
                  52,            0.020692,            0.011589,             0.02494,             0.83402,             0.65854,             0.73137,             0.63081,            0.024601,            0.011364,            0.032359,            0.008317,            0.008317,            0.008317
                  53,            0.020499,            0.011216,            0.025375,             0.75943,             0.52221,             0.60803,             0.51843,            0.026671,            0.018409,            0.025756,            0.008284,            0.008284,            0.008284
                  54,            0.019813,            0.011102,            0.025727,             0.87901,             0.71287,             0.78044,             0.65369,            0.025954,             0.01183,            0.014015,            0.008251,            0.008251,            0.008251
                  55,            0.020172,            0.011312,            0.024046,             0.87098,              0.5334,             0.63506,             0.53237,            0.025088,             0.01861,            0.020623,            0.008218,            0.008218,            0.008218
                  56,            0.019573,            0.010351,            0.024863,              0.8953,             0.63551,             0.73274,              0.6323,            0.023886,             0.01306,            0.027119,            0.008185,            0.008185,            0.008185
                  57,            0.019351,            0.011393,             0.02493,             0.74876,             0.47996,               0.586,             0.50391,            0.023708,             0.01754,            0.029471,            0.008152,            0.008152,            0.008152
                  58,            0.020048,            0.011076,            0.021897,             0.90143,             0.70489,             0.79978,             0.69379,            0.021837,           0.0093211,             0.02715,            0.008119,            0.008119,            0.008119
                  59,            0.019479,             0.01059,            0.023962,             0.80418,             0.48054,             0.59018,             0.49812,            0.023897,            0.017546,            0.027521,            0.008086,            0.008086,            0.008086
                  60,            0.019605,            0.010597,            0.022768,             0.83365,             0.72047,             0.78283,             0.65054,            0.023107,             0.01091,            0.019896,            0.008053,            0.008053,            0.008053
                  61,            0.018733,            0.010225,            0.026018,              0.8098,             0.68386,              0.7417,             0.63209,            0.022195,            0.010367,            0.029498,             0.00802,             0.00802,             0.00802
                  62,             0.01924,             0.01028,            0.023747,             0.85496,             0.60548,             0.72033,             0.62339,            0.025738,            0.015131,            0.019532,            0.007987,            0.007987,            0.007987
                  63,            0.019756,            0.010478,            0.024632,             0.72952,             0.41864,               0.537,             0.44729,            0.025647,            0.020979,            0.022183,            0.007954,            0.007954,            0.007954
                  64,            0.018891,            0.010134,            0.023727,              0.8318,             0.58025,             0.68364,             0.56464,            0.024981,            0.012923,            0.014935,            0.007921,            0.007921,            0.007921
                  65,            0.019299,            0.010715,            0.024253,             0.79219,             0.54135,             0.61719,             0.52356,            0.023609,            0.014639,            0.029709,            0.007888,            0.007888,            0.007888
                  66,            0.018729,            0.010551,            0.021845,             0.74778,             0.57141,              0.6403,             0.54594,            0.023927,            0.013443,            0.015459,            0.007855,            0.007855,            0.007855
                  67,            0.018874,            0.010475,            0.022792,             0.79456,             0.61198,              0.6765,             0.56964,            0.022214,            0.012292,            0.023879,            0.007822,            0.007822,            0.007822
                  68,            0.018116,            0.010249,            0.023815,             0.74417,             0.56541,             0.62432,             0.53514,            0.022832,            0.011855,            0.026536,            0.007789,            0.007789,            0.007789
                  69,            0.018654,            0.010053,             0.02263,             0.89042,             0.59547,             0.71043,             0.60212,            0.022225,            0.012708,            0.028423,            0.007756,            0.007756,            0.007756
                  70,            0.019522,            0.010508,            0.022614,             0.77446,             0.62866,             0.70009,             0.58849,              0.0239,             0.01251,            0.018258,            0.007723,            0.007723,            0.007723
                  71,            0.018267,           0.0097474,            0.023067,             0.85711,             0.54204,              0.6616,             0.56512,            0.023447,            0.015089,            0.013569,             0.00769,             0.00769,             0.00769
                  72,            0.017879,            0.010509,            0.022902,             0.80839,             0.62016,             0.67484,             0.57781,            0.023365,            0.011302,              0.0179,            0.007657,            0.007657,            0.007657
                  73,            0.018468,             0.01031,             0.02177,             0.84368,             0.54833,             0.64891,             0.55397,            0.023185,            0.016255,            0.025645,            0.007624,            0.007624,            0.007624
                  74,            0.017911,           0.0098613,            0.023483,             0.78854,             0.57612,             0.65448,             0.54837,            0.024482,            0.014244,            0.014169,            0.007591,            0.007591,            0.007591
                  75,            0.018618,           0.0098123,            0.026103,             0.62926,              0.4444,              0.5412,             0.44492,            0.023942,            0.016278,            0.024618,            0.007558,            0.007558,            0.007558
                  76,             0.01867,            0.010364,             0.02416,             0.76908,              0.4722,             0.60611,             0.50833,            0.026184,            0.017428,            0.022974,            0.007525,            0.007525,            0.007525
                  77,            0.018545,            0.010011,            0.023568,              0.8013,             0.60663,             0.66757,             0.57954,             0.02249,            0.012947,            0.031099,            0.007492,            0.007492,            0.007492
                  78,            0.018832,            0.010142,            0.023259,             0.85344,             0.61986,             0.68903,             0.59788,            0.021602,            0.013951,            0.025051,            0.007459,            0.007459,            0.007459
                  79,            0.017784,            0.010116,            0.022365,             0.87589,             0.69765,             0.73786,             0.65237,            0.020782,            0.010803,            0.028451,            0.007426,            0.007426,            0.007426
                  80,            0.017941,           0.0099543,            0.023616,             0.76682,             0.58756,              0.6401,             0.56558,            0.022895,            0.013873,            0.029733,            0.007393,            0.007393,            0.007393
                  81,            0.018129,            0.010114,            0.024203,             0.78513,             0.68655,             0.74167,             0.63283,            0.021315,            0.010141,            0.029975,             0.00736,             0.00736,             0.00736
                  82,            0.017988,           0.0098861,            0.022538,             0.79921,             0.50586,             0.62855,             0.52936,            0.023573,             0.01756,             0.02139,            0.007327,            0.007327,            0.007327
                  83,            0.017657,           0.0095675,            0.022946,             0.80949,             0.57209,             0.66751,             0.58028,             0.02336,             0.01348,            0.021022,            0.007294,            0.007294,            0.007294
                  84,            0.018539,           0.0099091,            0.024009,             0.78114,             0.48834,             0.63114,             0.53659,            0.024777,            0.016813,            0.026669,            0.007261,            0.007261,            0.007261
                  85,            0.017099,            0.010017,            0.022591,             0.87089,             0.50924,             0.65249,             0.57352,            0.023249,            0.016262,            0.025788,            0.007228,            0.007228,            0.007228
                  86,            0.017849,           0.0096052,            0.022073,             0.90042,             0.55538,              0.6596,             0.57562,             0.02176,            0.014374,            0.036431,            0.007195,            0.007195,            0.007195
                  87,            0.018285,            0.009763,            0.023283,              0.9301,             0.52851,             0.68239,             0.58951,            0.022265,            0.015639,            0.022996,            0.007162,            0.007162,            0.007162
                  88,            0.017952,            0.010142,            0.021476,             0.84559,             0.53258,             0.65262,             0.56264,             0.02279,             0.01715,            0.015584,            0.007129,            0.007129,            0.007129
                  89,             0.01788,           0.0099156,            0.022347,             0.81319,             0.55065,             0.66872,             0.55762,            0.023666,            0.015562,            0.024269,            0.007096,            0.007096,            0.007096
                  90,            0.017812,           0.0099129,            0.022662,             0.85504,             0.54152,             0.67092,             0.58926,            0.024885,            0.015411,            0.015002,            0.007063,            0.007063,            0.007063
                  91,             0.01799,           0.0099283,            0.022316,             0.90188,             0.61597,             0.72912,             0.63026,             0.02239,            0.013711,            0.019354,             0.00703,             0.00703,             0.00703
                  92,            0.017631,           0.0099279,            0.022589,              0.9233,             0.65614,             0.76797,             0.66793,            0.021284,            0.012686,            0.014867,            0.006997,            0.006997,            0.006997
                  93,            0.017754,           0.0094454,            0.022664,             0.88589,             0.47827,             0.60969,              0.5402,            0.023214,            0.017745,            0.022908,            0.006964,            0.006964,            0.006964
                  94,            0.017878,           0.0096297,            0.022414,             0.90355,             0.64923,             0.74259,             0.64455,            0.023389,            0.011969,            0.028075,            0.006931,            0.006931,            0.006931
                  95,            0.018027,           0.0098539,            0.022532,             0.85909,             0.64279,             0.75295,             0.66164,            0.023013,            0.012529,            0.013332,            0.006898,            0.006898,            0.006898
                  96,            0.018025,           0.0096139,            0.024933,             0.75662,             0.45085,             0.54283,             0.47582,            0.024074,            0.017764,            0.025555,            0.006865,            0.006865,            0.006865
                  97,             0.01692,           0.0091529,            0.022038,             0.88403,             0.62716,             0.73164,             0.63748,            0.020535,            0.014152,            0.019381,            0.006832,            0.006832,            0.006832
                  98,            0.017433,           0.0093483,            0.021869,             0.90997,             0.73589,             0.79807,             0.71048,            0.020677,            0.010565,            0.017184,            0.006799,            0.006799,            0.006799
                  99,            0.017912,           0.0097177,             0.02196,             0.87361,             0.55271,             0.66162,             0.58604,            0.021403,            0.016217,            0.017445,            0.006766,            0.006766,            0.006766
                 100,            0.017011,           0.0097192,            0.023086,             0.89306,             0.61244,             0.72852,             0.63001,            0.021838,            0.014648,            0.021486,            0.006733,            0.006733,            0.006733
                 101,            0.016707,           0.0094891,            0.022308,             0.83963,             0.60973,             0.71306,             0.60784,            0.021971,            0.013416,            0.016673,              0.0067,              0.0067,              0.0067
                 102,            0.016739,           0.0094354,            0.022748,              0.8811,             0.61527,             0.71688,              0.6143,             0.02251,            0.014035,            0.013637,            0.006667,            0.006667,            0.006667
                 103,            0.016436,           0.0094427,            0.022391,             0.88259,             0.67895,              0.7534,             0.65095,            0.021154,            0.011205,            0.029699,            0.006634,            0.006634,            0.006634
                 104,            0.017687,           0.0094963,            0.023469,             0.82646,             0.54462,             0.65798,             0.55197,            0.023813,            0.016205,            0.012451,            0.006601,            0.006601,            0.006601
                 105,            0.018162,           0.0098603,            0.022719,             0.75448,             0.58199,             0.66881,             0.57314,            0.020809,            0.014594,            0.012844,            0.006568,            0.006568,            0.006568
                 106,            0.016408,            0.009401,            0.022627,             0.78244,             0.50251,             0.61959,             0.53417,            0.021816,            0.016698,            0.011085,            0.006535,            0.006535,            0.006535
                 107,            0.017367,            0.010033,            0.021278,             0.86545,             0.52404,              0.6575,             0.56789,            0.023845,            0.017546,            0.014079,            0.006502,            0.006502,            0.006502
                 108,            0.017731,           0.0094072,            0.020081,             0.91464,             0.62753,             0.73808,             0.64186,            0.021511,            0.014529,            0.015165,            0.006469,            0.006469,            0.006469
                 109,            0.016689,           0.0092584,            0.021022,             0.87757,             0.66425,             0.74378,             0.65772,            0.022117,             0.01317,            0.010544,            0.006436,            0.006436,            0.006436
                 110,            0.016671,           0.0090406,            0.021497,             0.90395,             0.68346,              0.7706,             0.66682,            0.021264,            0.012267,            0.010915,            0.006403,            0.006403,            0.006403
                 111,            0.017029,            0.009382,            0.023029,             0.71624,             0.44528,             0.56055,             0.48908,            0.023384,            0.018385,             0.01213,             0.00637,             0.00637,             0.00637
                 112,            0.017142,           0.0091227,            0.022568,             0.87089,              0.5453,             0.69783,             0.60404,            0.022159,            0.017255,            0.012265,            0.006337,            0.006337,            0.006337
                 113,            0.017377,           0.0092621,            0.022823,             0.80646,             0.50035,             0.61265,             0.53575,            0.022641,            0.017502,            0.013662,            0.006304,            0.006304,            0.006304
                 114,            0.016473,           0.0088345,            0.022588,             0.88943,             0.67741,             0.76115,             0.67299,            0.020838,            0.010415,            0.014223,            0.006271,            0.006271,            0.006271
                 115,            0.016052,           0.0091935,            0.021782,             0.72266,             0.34547,             0.48079,             0.41531,            0.022756,            0.017968,            0.025965,            0.006238,            0.006238,            0.006238
                 116,            0.016642,           0.0093044,            0.022449,              0.9031,             0.65346,             0.74646,               0.658,            0.021165,            0.012086,            0.016232,            0.006205,            0.006205,            0.006205
                 117,             0.01695,           0.0089781,            0.020694,             0.91476,             0.71307,             0.79473,             0.70415,            0.021252,            0.012952,             0.01139,            0.006172,            0.006172,            0.006172
                 118,             0.01606,           0.0087888,            0.021306,             0.78865,             0.58063,             0.69204,             0.59475,            0.021407,            0.014059,            0.010725,            0.006139,            0.006139,            0.006139
                 119,            0.016386,           0.0093418,              0.0228,             0.88354,              0.6595,             0.75821,             0.67138,             0.02077,            0.013293,            0.013702,            0.006106,            0.006106,            0.006106
                 120,            0.016032,           0.0085753,            0.022524,             0.85449,             0.54506,             0.66519,             0.57567,            0.022945,            0.017809,            0.021944,            0.006073,            0.006073,            0.006073
                 121,            0.016761,           0.0092203,             0.02251,             0.83203,             0.60165,             0.69307,             0.60623,            0.020988,            0.013258,            0.025615,             0.00604,             0.00604,             0.00604
                 122,            0.017262,           0.0091276,            0.022185,             0.87153,             0.52888,             0.64707,             0.54533,            0.024165,            0.018089,             0.02023,            0.006007,            0.006007,            0.006007
                 123,             0.01687,           0.0088069,            0.023239,             0.91398,             0.60877,             0.70572,             0.62096,            0.022957,            0.015997,             0.01811,            0.005974,            0.005974,            0.005974
                 124,            0.016528,           0.0090008,            0.022804,             0.89672,             0.61253,             0.72077,             0.63345,            0.021383,            0.014489,            0.021457,            0.005941,            0.005941,            0.005941
                 125,            0.016435,           0.0086302,            0.021167,             0.90869,              0.6359,             0.73915,             0.64628,            0.022713,            0.014093,            0.020366,            0.005908,            0.005908,            0.005908
                 126,            0.016707,           0.0088231,            0.020381,             0.86104,             0.49686,             0.62513,             0.54225,            0.022703,            0.017711,            0.024917,            0.005875,            0.005875,            0.005875
                 127,            0.015997,           0.0088297,            0.021879,             0.88809,             0.52653,             0.65147,             0.56444,            0.021887,            0.018286,            0.025508,            0.005842,            0.005842,            0.005842
                 128,            0.016405,           0.0089094,            0.022072,             0.90317,             0.64169,             0.74957,             0.65159,            0.021649,            0.014417,            0.018874,            0.005809,            0.005809,            0.005809
                 129,            0.016282,           0.0096184,            0.020949,             0.86619,             0.57759,             0.70199,             0.61328,            0.021797,            0.014591,            0.010534,            0.005776,            0.005776,            0.005776
                 130,            0.015648,           0.0088536,            0.022702,             0.82032,             0.55915,             0.62495,             0.55657,            0.021305,            0.015507,            0.028943,            0.005743,            0.005743,            0.005743
                 131,            0.015808,           0.0092334,            0.021661,             0.82325,             0.57589,             0.65706,             0.57931,            0.020436,            0.014394,            0.017583,             0.00571,             0.00571,             0.00571
                 132,            0.016325,           0.0086985,            0.022862,             0.88828,             0.66206,             0.74557,             0.65652,            0.021146,            0.012081,            0.014482,            0.005677,            0.005677,            0.005677
                 133,            0.016585,           0.0089713,            0.022034,             0.89609,             0.69155,             0.78343,             0.68522,            0.020305,            0.011246,            0.023049,            0.005644,            0.005644,            0.005644
                 134,            0.015582,           0.0085973,            0.021265,             0.89551,             0.56938,             0.67394,             0.59123,            0.021324,            0.017613,            0.016362,            0.005611,            0.005611,            0.005611
                 135,             0.01584,           0.0085587,            0.022139,             0.88511,             0.69068,             0.77618,             0.68236,            0.021103,            0.011996,            0.014172,            0.005578,            0.005578,            0.005578
                 136,             0.01539,           0.0084937,            0.020955,             0.87639,             0.62768,             0.71851,             0.63613,            0.019983,            0.012813,            0.021636,            0.005545,            0.005545,            0.005545
                 137,            0.016159,           0.0085975,            0.020499,             0.88797,             0.72427,             0.80907,             0.71434,            0.020271,            0.010469,            0.018245,            0.005512,            0.005512,            0.005512
                 138,            0.016411,            0.008946,            0.021159,             0.87045,              0.5303,              0.6586,             0.57258,            0.020798,            0.015708,            0.026399,            0.005479,            0.005479,            0.005479
                 139,            0.016045,           0.0089716,            0.020728,             0.85156,             0.62993,             0.74537,              0.6524,            0.020509,            0.014557,            0.020995,            0.005446,            0.005446,            0.005446
                 140,            0.015853,           0.0088705,            0.019792,             0.78809,             0.57521,             0.67571,              0.6008,            0.020953,            0.014873,            0.018598,            0.005413,            0.005413,            0.005413
                 141,            0.015179,           0.0084616,            0.020378,             0.85474,             0.71703,             0.78068,             0.69213,             0.02042,             0.01208,            0.025504,             0.00538,             0.00538,             0.00538
                 142,            0.016247,           0.0085384,            0.023106,             0.84406,              0.6999,             0.73785,             0.64173,            0.021538,            0.011895,            0.030177,            0.005347,            0.005347,            0.005347
                 143,            0.015827,            0.008306,            0.021337,             0.77517,             0.57257,             0.65054,             0.57241,            0.021383,            0.015738,            0.025425,            0.005314,            0.005314,            0.005314
                 144,            0.015692,           0.0082298,            0.020385,             0.86825,             0.66162,             0.74968,             0.67027,            0.021188,            0.013095,            0.023435,            0.005281,            0.005281,            0.005281
                 145,            0.015996,            0.008649,            0.021935,             0.85712,             0.68153,              0.7592,             0.66735,            0.020381,             0.01223,            0.020048,            0.005248,            0.005248,            0.005248
                 146,             0.01562,           0.0084223,             0.02083,              0.8565,             0.71861,              0.7757,             0.68311,            0.020169,            0.010984,            0.013135,            0.005215,            0.005215,            0.005215
                 147,            0.015293,           0.0085129,            0.021816,             0.87651,             0.62184,             0.72496,             0.63395,             0.02073,            0.014688,            0.019236,            0.005182,            0.005182,            0.005182
                 148,            0.015588,           0.0085423,             0.02248,             0.88366,             0.64504,             0.72315,             0.63293,             0.02065,            0.014148,            0.017036,            0.005149,            0.005149,            0.005149
                 149,            0.015655,           0.0084557,            0.020931,             0.83989,             0.57285,             0.67673,             0.59043,            0.020891,            0.014775,            0.017635,            0.005116,            0.005116,            0.005116
                 150,            0.015202,            0.008233,            0.022094,             0.84113,             0.51872,             0.64017,             0.56253,            0.020423,            0.016933,            0.021902,            0.005083,            0.005083,            0.005083
                 151,            0.015462,           0.0083767,            0.019333,             0.81752,             0.47225,             0.57621,             0.49922,            0.021957,            0.019495,            0.027916,             0.00505,             0.00505,             0.00505
                 152,            0.015676,           0.0082735,            0.020906,             0.87068,              0.6064,             0.69263,             0.60296,            0.021453,            0.013098,            0.014796,            0.005017,            0.005017,            0.005017
                 153,            0.015884,           0.0089187,            0.020204,             0.85047,              0.6008,             0.70586,             0.61803,             0.02023,            0.012991,            0.025449,            0.004984,            0.004984,            0.004984
                 154,            0.015412,           0.0083062,            0.020365,             0.87138,             0.59362,             0.71365,             0.61797,            0.020798,            0.014333,            0.015718,            0.004951,            0.004951,            0.004951
                 155,             0.01507,           0.0082617,            0.021884,             0.92206,             0.66473,             0.76722,             0.67523,            0.019815,            0.012931,            0.014895,            0.004918,            0.004918,            0.004918
                 156,            0.014726,           0.0081734,            0.021366,             0.88492,             0.66365,             0.74802,             0.66198,            0.020748,            0.013555,            0.018373,            0.004885,            0.004885,            0.004885
                 157,            0.015634,           0.0083014,            0.022313,             0.81367,             0.59373,             0.67918,             0.60763,            0.020695,            0.015058,            0.028739,            0.004852,            0.004852,            0.004852
                 158,            0.015691,           0.0081246,             0.02047,             0.81317,              0.5877,             0.70035,             0.62107,             0.02092,            0.014983,             0.01561,            0.004819,            0.004819,            0.004819
                 159,            0.015753,           0.0084256,            0.021057,             0.84471,             0.69953,             0.76709,             0.68396,            0.020406,            0.011284,            0.015616,            0.004786,            0.004786,            0.004786
                 160,             0.01528,           0.0083478,            0.022086,             0.91192,             0.53348,             0.67231,             0.58777,            0.021918,            0.015962,            0.015007,            0.004753,            0.004753,            0.004753
                 161,            0.014755,           0.0082763,            0.020735,              0.9071,             0.53895,              0.6678,             0.59702,            0.021484,            0.018041,            0.010967,             0.00472,             0.00472,             0.00472
                 162,            0.014968,           0.0084845,            0.020006,             0.89138,             0.53017,             0.64127,             0.56361,            0.021813,            0.016455,            0.014714,            0.004687,            0.004687,            0.004687
                 163,            0.015575,            0.008583,            0.020097,             0.92319,              0.5284,             0.68087,             0.60675,            0.021183,            0.015137,            0.015537,            0.004654,            0.004654,            0.004654
                 164,            0.014761,           0.0085333,             0.02041,             0.86534,             0.63201,             0.73097,             0.64548,            0.022681,            0.012794,            0.019426,            0.004621,            0.004621,            0.004621
                 165,            0.014915,           0.0085254,            0.020134,             0.87986,               0.551,             0.66342,             0.59688,            0.022771,             0.01521,            0.027014,            0.004588,            0.004588,            0.004588
                 166,            0.015141,           0.0080119,            0.020956,             0.89562,             0.65741,             0.75376,             0.66971,            0.020526,            0.012032,            0.020049,            0.004555,            0.004555,            0.004555
                 167,            0.015309,           0.0081707,            0.020415,             0.90261,             0.58057,             0.68046,             0.60493,            0.021213,            0.014088,            0.024861,            0.004522,            0.004522,            0.004522
                 168,            0.014884,           0.0080301,             0.01946,             0.88666,             0.59896,             0.72456,             0.64881,            0.020381,              0.0137,            0.019426,            0.004489,            0.004489,            0.004489
                 169,            0.015591,           0.0080596,            0.020498,             0.85994,             0.57318,              0.6862,             0.60001,             0.02146,            0.015716,            0.019589,            0.004456,            0.004456,            0.004456
                 170,            0.014714,           0.0079203,            0.021521,             0.77378,             0.48704,             0.59656,             0.52739,            0.022764,            0.017948,            0.021551,            0.004423,            0.004423,            0.004423
                 171,            0.014593,           0.0082292,            0.020103,             0.77436,             0.55157,             0.65025,             0.57976,             0.02298,            0.014751,            0.026908,             0.00439,             0.00439,             0.00439
                 172,             0.01524,            0.008133,            0.021796,             0.79616,             0.47509,             0.59206,             0.52396,             0.02059,            0.018067,            0.021437,            0.004357,            0.004357,            0.004357
                 173,            0.014985,           0.0080039,            0.020927,             0.81949,             0.48283,             0.62811,             0.54622,            0.020283,            0.015377,            0.022771,            0.004324,            0.004324,            0.004324
                 174,            0.014607,           0.0080223,            0.019589,             0.81767,             0.52513,               0.631,             0.55968,             0.02013,            0.016156,            0.026885,            0.004291,            0.004291,            0.004291
                 175,            0.015096,           0.0082875,            0.021088,             0.85413,             0.58649,              0.6954,             0.61382,            0.020169,            0.014027,            0.027845,            0.004258,            0.004258,            0.004258
                 176,            0.014584,            0.007824,            0.019832,             0.87787,             0.56395,             0.68357,             0.61185,            0.019757,            0.014796,            0.025545,            0.004225,            0.004225,            0.004225
                 177,            0.014469,           0.0080688,              0.0197,             0.87667,             0.58527,             0.68536,             0.60827,            0.019242,            0.015647,            0.020678,            0.004192,            0.004192,            0.004192
                 178,            0.014595,           0.0076298,            0.021337,             0.86788,             0.58039,             0.70269,             0.61676,            0.019907,            0.014829,            0.021959,            0.004159,            0.004159,            0.004159
                 179,            0.014317,           0.0080748,            0.019643,             0.82339,             0.57199,             0.68021,             0.60824,            0.019528,            0.015692,            0.019376,            0.004126,            0.004126,            0.004126
                 180,            0.014222,           0.0074645,            0.020175,             0.86249,             0.56077,             0.65626,             0.59047,            0.019884,            0.016966,            0.018364,            0.004093,            0.004093,            0.004093
                 181,            0.014527,           0.0076442,            0.019262,             0.86709,             0.61056,             0.70955,             0.63448,            0.020681,            0.015071,            0.015088,             0.00406,             0.00406,             0.00406
                 182,            0.015003,           0.0078359,            0.020666,              0.8044,             0.54691,             0.65787,             0.58167,            0.020782,            0.016454,            0.022841,            0.004027,            0.004027,            0.004027
                 183,             0.01416,           0.0078038,            0.020455,             0.80379,             0.56581,             0.65955,             0.58673,            0.019645,            0.015506,            0.025094,            0.003994,            0.003994,            0.003994
                 184,            0.014473,           0.0078475,            0.020918,             0.84841,             0.59415,             0.66607,             0.59572,            0.019694,            0.013707,            0.027189,            0.003961,            0.003961,            0.003961
                 185,            0.014285,           0.0074101,            0.021266,             0.82465,             0.58883,             0.67832,             0.60547,            0.019862,            0.014308,             0.02311,            0.003928,            0.003928,            0.003928
                 186,            0.014368,           0.0076936,            0.020732,              0.8646,             0.61579,             0.71006,             0.63493,            0.019947,            0.015108,            0.011326,            0.003895,            0.003895,            0.003895
                 187,            0.015319,           0.0081305,            0.021464,             0.83018,             0.53857,             0.67118,             0.59086,            0.020415,            0.015733,            0.014579,            0.003862,            0.003862,            0.003862
                 188,            0.014351,           0.0079899,            0.018728,             0.83487,             0.50341,             0.63608,             0.56477,            0.020373,            0.015759,            0.016488,            0.003829,            0.003829,            0.003829
                 189,             0.01383,           0.0077308,            0.020617,             0.77725,              0.4932,             0.62192,             0.54101,            0.020512,             0.01662,            0.017878,            0.003796,            0.003796,            0.003796
                 190,            0.014408,           0.0079138,            0.020016,             0.83392,             0.55849,              0.6766,             0.59909,            0.020113,            0.014271,            0.018853,            0.003763,            0.003763,            0.003763
                 191,            0.014202,           0.0076919,            0.020995,             0.83462,             0.54742,             0.65348,             0.58211,            0.020142,            0.014686,            0.021273,             0.00373,             0.00373,             0.00373
                 192,            0.015009,           0.0079691,            0.021227,             0.84485,             0.59364,             0.70795,             0.62921,            0.019351,            0.013751,             0.02029,            0.003697,            0.003697,            0.003697
                 193,            0.015197,           0.0080263,            0.020524,             0.88212,             0.64721,             0.74315,             0.66188,            0.019127,            0.013155,            0.021059,            0.003664,            0.003664,            0.003664
                 194,            0.014486,           0.0076883,             0.02117,             0.82985,             0.60966,             0.71296,             0.63338,            0.019233,             0.01489,            0.022673,            0.003631,            0.003631,            0.003631
                 195,            0.014125,            0.007759,            0.019936,             0.88237,             0.60005,             0.72224,             0.64565,            0.019194,            0.014732,            0.020212,            0.003598,            0.003598,            0.003598
                 196,            0.013951,           0.0074193,            0.020903,             0.86331,             0.57559,             0.68921,              0.6139,            0.019486,            0.015073,            0.022636,            0.003565,            0.003565,            0.003565
                 197,            0.014143,           0.0077335,            0.019513,             0.87063,             0.63788,             0.73467,             0.65143,            0.019716,             0.01209,            0.023095,            0.003532,            0.003532,            0.003532
                 198,            0.014286,           0.0079912,            0.020066,             0.83703,             0.57104,             0.67227,             0.59502,             0.02049,            0.014678,            0.027661,            0.003499,            0.003499,            0.003499
                 199,            0.013866,           0.0075012,            0.019184,             0.80224,             0.52081,             0.62835,             0.56369,            0.020481,             0.01725,            0.028516,            0.003466,            0.003466,            0.003466
                 200,            0.014352,           0.0078247,            0.020831,             0.89924,             0.55699,             0.66192,             0.59864,            0.019849,            0.015768,            0.028449,            0.003433,            0.003433,            0.003433
                 201,            0.013552,           0.0078435,            0.019662,             0.91853,             0.53352,             0.65995,             0.59122,            0.019967,            0.015735,            0.022418,              0.0034,              0.0034,              0.0034
                 202,            0.013718,           0.0074602,             0.01759,             0.86145,             0.51953,             0.62689,             0.56382,             0.02021,            0.016574,            0.030859,            0.003367,            0.003367,            0.003367
                 203,            0.014634,           0.0078685,            0.020553,             0.85926,             0.53152,             0.63227,             0.56871,            0.021204,            0.016046,            0.036897,            0.003334,            0.003334,            0.003334
                 204,            0.013416,           0.0077408,            0.019844,             0.89575,             0.63045,             0.71851,             0.65116,            0.020565,            0.013929,            0.031603,            0.003301,            0.003301,            0.003301
                 205,            0.013708,           0.0071598,            0.019149,               0.915,             0.64419,               0.748,              0.6755,            0.020363,            0.013564,             0.02667,            0.003268,            0.003268,            0.003268
                 206,            0.013521,           0.0078967,            0.019704,             0.88221,             0.65554,             0.74727,                0.67,            0.020224,            0.013123,            0.027455,            0.003235,            0.003235,            0.003235
                 207,            0.013728,            0.007407,            0.019903,             0.88865,             0.57172,             0.69329,             0.61755,            0.020739,            0.014314,            0.031146,            0.003202,            0.003202,            0.003202
                 208,            0.013391,           0.0072856,            0.020479,             0.83551,             0.54938,             0.65136,             0.57892,            0.021124,            0.015454,            0.033891,            0.003169,            0.003169,            0.003169
                 209,            0.013924,           0.0074306,             0.01902,             0.87144,             0.59803,             0.69804,             0.63008,            0.020428,            0.014496,            0.031108,            0.003136,            0.003136,            0.003136
                 210,            0.013076,           0.0075163,            0.019684,             0.87907,             0.65312,             0.73824,             0.66534,             0.01993,            0.011571,            0.029568,            0.003103,            0.003103,            0.003103
                 211,            0.013549,           0.0074673,            0.018478,             0.89385,             0.72251,             0.78951,              0.7064,            0.019739,            0.010682,            0.026039,             0.00307,             0.00307,             0.00307
                 212,            0.013866,           0.0076058,            0.020801,             0.87787,             0.64958,             0.74891,             0.67378,            0.019547,            0.012384,              0.0211,            0.003037,            0.003037,            0.003037
                 213,            0.013627,           0.0075331,            0.019668,             0.89466,             0.62137,             0.73423,             0.66286,            0.019569,            0.013248,            0.015671,            0.003004,            0.003004,            0.003004
                 214,            0.013506,           0.0073486,            0.020019,             0.89358,             0.66035,             0.75634,             0.67895,            0.019936,            0.013066,              0.0174,            0.002971,            0.002971,            0.002971
                 215,            0.013642,           0.0073894,            0.019143,             0.88382,             0.59259,             0.71082,             0.63871,            0.020114,             0.01475,            0.021814,            0.002938,            0.002938,            0.002938
                 216,            0.013502,           0.0073374,            0.020604,             0.87838,             0.61673,               0.708,             0.63859,            0.020138,            0.013922,            0.024069,            0.002905,            0.002905,            0.002905
                 217,            0.013429,           0.0074626,             0.02069,             0.86629,             0.58542,             0.68063,             0.60972,            0.020908,            0.014661,            0.031923,            0.002872,            0.002872,            0.002872
                 218,            0.013242,           0.0073036,            0.019337,             0.87869,             0.63045,              0.7135,             0.64184,            0.020877,            0.013765,            0.032684,            0.002839,            0.002839,            0.002839
                 219,            0.012792,           0.0070417,            0.020079,             0.90527,             0.59723,              0.6916,             0.61849,            0.020337,            0.014328,            0.031263,            0.002806,            0.002806,            0.002806
                 220,             0.01295,           0.0070857,            0.018608,             0.89598,             0.61031,             0.71763,             0.64513,            0.020318,            0.013996,            0.027535,            0.002773,            0.002773,            0.002773
                 221,            0.013342,            0.007404,            0.019719,             0.88736,             0.59333,             0.70217,             0.63439,            0.020594,            0.014853,            0.024976,             0.00274,             0.00274,             0.00274
                 222,            0.013164,           0.0069559,            0.020459,              0.8896,             0.59343,             0.69578,             0.62547,            0.020652,            0.015009,            0.027433,            0.002707,            0.002707,            0.002707
                 223,            0.013336,           0.0076941,            0.019653,             0.92684,             0.60108,              0.7149,              0.6449,            0.020498,            0.014402,             0.02708,            0.002674,            0.002674,            0.002674
                 224,            0.013643,           0.0076384,            0.019089,             0.88261,               0.599,             0.71057,             0.63713,            0.020215,            0.014189,            0.025834,            0.002641,            0.002641,            0.002641
                 225,            0.013564,            0.007231,            0.020441,             0.87062,             0.55818,             0.67822,             0.60976,            0.020499,            0.015319,            0.026738,            0.002608,            0.002608,            0.002608
                 226,            0.013411,           0.0071264,            0.019999,             0.88241,             0.56282,             0.69306,              0.6236,            0.020291,            0.014846,            0.025787,            0.002575,            0.002575,            0.002575
                 227,            0.013197,           0.0070778,            0.019852,             0.93262,             0.55012,             0.67772,             0.61035,            0.020381,            0.014064,            0.023865,            0.002542,            0.002542,            0.002542
                 228,            0.013013,            0.006909,            0.019643,             0.92738,             0.57232,             0.69787,             0.62766,            0.020281,            0.013518,            0.021853,            0.002509,            0.002509,            0.002509
                 229,            0.013084,           0.0073053,            0.020688,             0.87058,             0.62204,             0.71621,             0.64183,            0.020675,            0.012698,            0.027205,            0.002476,            0.002476,            0.002476
                 230,            0.012676,           0.0072706,            0.019152,             0.87335,             0.58925,             0.70364,             0.63152,            0.020537,            0.013351,            0.028978,            0.002443,            0.002443,            0.002443
                 231,            0.013124,            0.007012,            0.019226,             0.85908,             0.55112,             0.67799,             0.59844,            0.020665,            0.014615,            0.025931,             0.00241,             0.00241,             0.00241
                 232,            0.013138,           0.0073243,            0.018658,             0.88651,             0.53826,             0.66813,             0.59425,            0.021156,            0.015041,            0.022699,            0.002377,            0.002377,            0.002377
                 233,            0.012961,           0.0071102,            0.017901,             0.91531,             0.52066,             0.64588,             0.57858,            0.020959,            0.015598,            0.023607,            0.002344,            0.002344,            0.002344
                 234,            0.013417,           0.0070198,            0.018049,             0.87197,             0.53927,             0.65323,             0.58289,            0.021075,            0.015735,            0.025004,            0.002311,            0.002311,            0.002311
                 235,            0.013118,           0.0069357,            0.020459,             0.89135,             0.53253,             0.63937,             0.57098,            0.021437,            0.016295,            0.027267,            0.002278,            0.002278,            0.002278
                 236,            0.013042,            0.006958,            0.022272,             0.87618,             0.59244,             0.68753,             0.61531,            0.020698,            0.013776,            0.029125,            0.002245,            0.002245,            0.002245
                 237,            0.013407,           0.0071766,            0.021189,             0.89553,             0.56599,             0.68077,             0.60737,            0.020597,            0.014157,            0.030957,            0.002212,            0.002212,            0.002212
